{"cameraMode":{"drawMode":0,"name":"Shaded","section":"Shading Mode"},"sceneLighting":false,"audioPlay":false,"sceneViewState":{"showFog":true,"showMaterialUpdate":false,"showSkybox":true,"showFlares":true,"showImageEffects":true,"showParticleSystems":true},"in2DMode":false,"pivot":{"x":-3.9545211791992189,"y":1.4611892700195313,"z":17.05908966064453},"rotation":{"x":0.3702268898487091,"y":-0.22375577688217164,"z":0.0923684686422348,"w":0.8968464136123657},"size":173.26681518554688,"orthographic":false}