{"cameraMode":{"drawMode":0,"name":"Shaded","section":"Shading Mode"},"sceneLighting":false,"audioPlay":false,"sceneViewState":{"showFog":true,"showMaterialUpdate":false,"showSkybox":true,"showFlares":true,"showImageEffects":true,"showParticleSystems":true},"in2DMode":false,"pivot":{"x":-5.364418029785156e-7,"y":2.4989025592803957,"z":-0.030207782983779908},"rotation":{"x":0.02443673089146614,"y":-0.9711580872535706,"z":0.1141468808054924,"w":0.2079072892665863},"size":5.0463786125183109,"orthographic":true}