{"cameraMode":{"drawMode":0,"name":"Shaded","section":"Shading Mode"},"sceneLighting":false,"audioPlay":false,"sceneViewState":{"showFog":true,"showMaterialUpdate":false,"showSkybox":true,"showFlares":true,"showImageEffects":true,"showParticleSystems":true},"in2DMode":false,"pivot":{"x":0.0,"y":0.8379999995231628,"z":1.9240000247955323},"rotation":{"x":-0.11172448843717575,"y":0.6864728331565857,"z":-0.10796701163053513,"w":-0.7103632092475891},"size":1.4289419651031495,"orthographic":true}