{"cameraMode":{"drawMode":0,"name":"Shaded","section":"Shading Mode"},"sceneLighting":false,"audioPlay":false,"sceneViewState":{"showFog":true,"showMaterialUpdate":false,"showSkybox":true,"showFlares":true,"showImageEffects":true,"showParticleSystems":true},"in2DMode":false,"pivot":{"x":-33.689266204833987,"y":1.204662799835205,"z":0.8694849014282227},"rotation":{"x":0.0012556661386042834,"y":-0.9951678514480591,"z":0.0973377376794815,"w":0.012835758738219738},"size":5.027877330780029,"orthographic":false}