{"cameraMode":{"drawMode":0,"name":"Shaded","section":"Shading Mode"},"sceneLighting":false,"audioPlay":false,"sceneViewState":{"showFog":true,"showMaterialUpdate":false,"showSkybox":true,"showFlares":true,"showImageEffects":true,"showParticleSystems":true},"in2DMode":false,"pivot":{"x":-6.905702590942383,"y":-8.305994987487793,"z":4.581626892089844},"rotation":{"x":0.29286298155784609,"y":-0.3970721364021301,"z":0.13534189760684968,"w":0.8592133522033691},"size":35.160457611083987,"orthographic":false}