{"cameraMode":{"drawMode":0,"name":"Shaded","section":"Shading Mode"},"sceneLighting":false,"audioPlay":false,"sceneViewState":{"showFog":true,"showMaterialUpdate":false,"showSkybox":true,"showFlares":true,"showImageEffects":true,"showParticleSystems":true},"in2DMode":false,"pivot":{"x":-0.8000005483627319,"y":1.0862361192703248,"z":-0.039524659514427188},"rotation":{"x":0.008080271072685719,"y":-0.9816558957099915,"z":0.042728979140520099,"w":0.18563617765903474},"size":4.235254287719727,"orthographic":false}