{"cameraMode":{"drawMode":0,"name":"Shaded","section":"Shading Mode"},"sceneLighting":false,"audioPlay":false,"sceneViewState":{"showFog":true,"showMaterialUpdate":false,"showSkybox":true,"showFlares":true,"showImageEffects":true,"showParticleSystems":true},"in2DMode":false,"pivot":{"x":1.4518704414367676,"y":1.0260213613510132,"z":13.106017112731934},"rotation":{"x":-0.0907299742102623,"y":0.9092302322387695,"z":-0.29175281524658205,"w":-0.2827525734901428},"size":7.129495143890381,"orthographic":true}