{"cameraMode":{"drawMode":0,"name":"Shaded","section":"Shading Mode"},"sceneLighting":false,"audioPlay":false,"sceneViewState":{"showFog":true,"showMaterialUpdate":false,"showSkybox":true,"showFlares":true,"showImageEffects":true,"showParticleSystems":true},"in2DMode":false,"pivot":{"x":-1.6275947093963624,"y":1.0842863321304322,"z":9.586313247680664},"rotation":{"x":0.3292323350906372,"y":-0.20862826704978944,"z":0.07483474910259247,"w":0.917867124080658},"size":6.1808319091796879,"orthographic":true}