{"cameraMode":{"drawMode":0,"name":"Shaded","section":"Shading Mode"},"sceneLighting":false,"audioPlay":false,"sceneViewState":{"showFog":true,"showMaterialUpdate":false,"showSkybox":true,"showFlares":true,"showImageEffects":true,"showParticleSystems":true},"in2DMode":false,"pivot":{"x":-29.900054931640626,"y":103.1236801147461,"z":-0.10078048706054688},"rotation":{"x":-0.17028196156024934,"y":0.7555364370346069,"z":-0.2164398431777954,"w":-0.5944094061851502},"size":422.6998291015625,"orthographic":true}