{"cameraMode":{"drawMode":0,"name":"Shaded","section":"Shading Mode"},"sceneLighting":false,"audioPlay":false,"sceneViewState":{"showFog":true,"showMaterialUpdate":false,"showSkybox":true,"showFlares":true,"showImageEffects":true,"showParticleSystems":true},"in2DMode":false,"pivot":{"x":0.12172579765319824,"y":0.3358745276927948,"z":0.3754488229751587},"rotation":{"x":-0.23044145107269288,"y":0.5040997266769409,"z":-0.14163170754909516,"w":-0.8201956152915955},"size":6.629605293273926,"orthographic":true}