{"cameraMode":{"drawMode":0,"name":"Shaded","section":"Shading Mode"},"sceneLighting":false,"audioPlay":false,"sceneViewState":{"showFog":true,"showMaterialUpdate":false,"showSkybox":true,"showFlares":true,"showImageEffects":true,"showParticleSystems":true},"in2DMode":false,"pivot":{"x":0.0,"y":0.9329752326011658,"z":-0.0035405755043029787},"rotation":{"x":-0.026475735008716584,"y":0.9706853032112122,"z":-0.12702229619026185,"w":-0.20232245326042176},"size":3.704730987548828,"orthographic":false}