{"cameraMode":{"drawMode":0,"name":"Shaded","section":"Shading Mode"},"sceneLighting":false,"audioPlay":false,"sceneViewState":{"showFog":true,"showMaterialUpdate":false,"showSkybox":true,"showFlares":true,"showImageEffects":true,"showParticleSystems":true},"in2DMode":false,"pivot":{"x":1.4245878458023072,"y":0.7737903594970703,"z":3.2959506511688234},"rotation":{"x":0.5642834901809692,"y":-0.1406988948583603,"z":0.09831594675779343,"w":0.8075406551361084},"size":7.673089504241943,"orthographic":true}