{"cameraMode":{"drawMode":0,"name":"Shaded","section":"Shading Mode"},"sceneLighting":false,"audioPlay":false,"sceneViewState":{"showFog":true,"showMaterialUpdate":false,"showSkybox":true,"showFlares":true,"showImageEffects":true,"showParticleSystems":true},"in2DMode":false,"pivot":{"x":-0.1945509910583496,"y":0.8775657415390015,"z":-7.102522850036621},"rotation":{"x":0.5642834901809692,"y":-0.1406988948583603,"z":0.09831594675779343,"w":0.8075406551361084},"size":6.629608154296875,"orthographic":true}