{"cameraMode":{"drawMode":0,"name":"Shaded","section":"Shading Mode"},"sceneLighting":false,"audioPlay":false,"sceneViewState":{"showFog":true,"showMaterialUpdate":false,"showSkybox":true,"showFlares":true,"showImageEffects":true,"showParticleSystems":true},"in2DMode":false,"pivot":{"x":2.690000057220459,"y":3.069999933242798,"z":8.510000228881836},"rotation":{"x":0.32596302032470705,"y":-0.6036622524261475,"z":0.2960834503173828,"w":0.6645859479904175},"size":5.660655498504639,"orthographic":true}