{"cameraMode":{"drawMode":0,"name":"Shaded","section":"Shading Mode"},"sceneLighting":false,"audioPlay":false,"sceneViewState":{"showFog":true,"showMaterialUpdate":false,"showSkybox":true,"showFlares":true,"showImageEffects":true,"showParticleSystems":true},"in2DMode":false,"pivot":{"x":21.540000915527345,"y":-7.600000381469727,"z":-5.869999885559082},"rotation":{"x":-0.1907806247472763,"y":0.02061258628964424,"z":-0.004006985574960709,"w":-0.9814081192016602},"size":52.281864166259769,"orthographic":false}