{"cameraMode":{"drawMode":0,"name":"Shaded","section":"Shading Mode"},"sceneLighting":false,"audioPlay":false,"sceneViewState":{"showFog":true,"showMaterialUpdate":false,"showSkybox":true,"showFlares":true,"showImageEffects":true,"showParticleSystems":true},"in2DMode":false,"pivot":{"x":-0.1945509910583496,"y":0.8775657415390015,"z":-7.102522850036621},"rotation":{"x":0.026535460725426675,"y":0.9564926624298096,"z":-0.2755616009235382,"w":0.09210645407438278},"size":6.629608154296875,"orthographic":true}