{"cameraMode":{"drawMode":0,"name":"Shaded","section":"Shading Mode"},"sceneLighting":false,"audioPlay":false,"sceneViewState":{"showFog":true,"showMaterialUpdate":false,"showSkybox":true,"showFlares":true,"showImageEffects":true,"showParticleSystems":true},"in2DMode":false,"pivot":{"x":-2.8171682357788088,"y":2.1050972938537599,"z":1.28125},"rotation":{"x":0.17334488034248353,"y":-0.11787337064743042,"z":0.020901840180158616,"w":0.977558434009552},"size":13.620482444763184,"orthographic":true}