{"cameraMode":{"drawMode":0,"name":"Shaded","section":"Shading Mode"},"sceneLighting":false,"audioPlay":false,"sceneViewState":{"showFog":true,"showMaterialUpdate":false,"showSkybox":true,"showFlares":true,"showImageEffects":true,"showParticleSystems":true},"in2DMode":false,"pivot":{"x":-33.780033111572269,"y":1.8990756273269654,"z":2.7237355709075929},"rotation":{"x":0.15067258477210999,"y":-0.8152280449867249,"z":0.24416257441043855,"w":0.5030762553215027},"size":4.427876949310303,"orthographic":false}