{"cameraMode":{"drawMode":0,"name":"Shaded","section":"Shading Mode"},"sceneLighting":false,"audioPlay":false,"sceneViewState":{"showFog":true,"showMaterialUpdate":false,"showSkybox":true,"showFlares":true,"showImageEffects":true,"showParticleSystems":true},"in2DMode":false,"pivot":{"x":0.3400000035762787,"y":2.151902437210083,"z":3.717099666595459},"rotation":{"x":0.16517935693264008,"y":-0.31906551122665408,"z":0.056577976793050769,"w":0.9315105676651001},"size":22.0,"orthographic":true}